<?xml version="1.0" encoding="UTF-8"?>
<article xmlns="http://docbook.org/ns/docbook"
    xmlns:xlink="http://www.w3.org/1999/xlink" version="5.0">
    <info>
        <title>Python: Lenguaje de alto nivel</title>
        <author>
            <personname>Alberto González</personname>
            <email>alberto.abelabs@gmail.com</email>
        </author>
    </info>
    
   
    <sect1>
        <title>¿Qué es Python?</title>
        <subtitle>Introducción</subtitle>
        <para><inlinemediaobject>
                <imageobject>
                    <imagedata fileref="tutorial-python.jpg" align="center"/>
                </imageobject>
            </inlinemediaobject>
        </para>
        <para><emphasis role="bold">Python</emphasis> es un lenguaje de programación creado por
            Guido van Rossum a principios de los años 90 cuyo nombre está inspirado en el grupo de
            cómicos ingleses “Monty Python”. Es un lenguaje similar a Perl, pero con una sintaxis
            muy limpia y que favorece un código legible. Se trata de un lenguaje interpretado o de
            script, con tipado dinámico, fuertemente tipado, multiplataforma y orientado a objetos. </para>
        
    </sect1>
    <sect1>
        <title>¿Por qué Python?</title>
        <para>Python es un lenguaje que todo el mundo debería conocer. Su sintaxis simple, clara y
            sencilla; el tipado dinámico, el gestor de memoria, la gran cantidad de librerías
            disponibles y la potencia del lenguaje, entre otros, hacen que desarrollar una
            aplicación en Python sea sencillo, muy rápido y, lo que es más importante, divertido. La
            sintaxis de Python es tan sencilla y cercana al lenguaje natural que Introducción 9 los
            programas elaborados en Python parecen pseudocódigo.</para>
        <para>
            <inlinemediaobject>
                <imageobject>
                    <imagedata fileref="python-logo.gif" align="center"/>
                </imageobject>
            </inlinemediaobject>
        </para>
        <para>Por este motivo se trata además de uno de los mejores lenguajes para comenzar a
            programar. Python no es adecuado sin embargo para la programación de bajo nivel o para
            aplicaciones en las que el rendimiento sea crítico. Algunos casos de éxito en el uso de
            Python son <emphasis role="italic">Google, Yahoo, la NASA, Industrias Light
                Magic</emphasis>, y todas las distribuciones Linux, en las que Python cada vez
            representa un tanto por ciento mayor de los programas disponibles.</para>
    </sect1>
    <sect1>
        <title>Mi primer programa en python</title>
        <para>Como comentábamos en el capítulo anterior existen dos formas de 
            ejecutar código Python, bien en una sesión interactiva (línea a línea) 
            con el intérprete, o bien de la forma habitual, escribiendo el código en 
            un archivo de código fuente y ejecutándolo.
            El primer programa que vamos a escribir en Python es el clásico Hola 
            Mundo, y en este lenguaje es tan simple como:
            <blockquote>print “Hola Mundo”</blockquote>
            Vamos a probarlo primero en el intérprete. Ejecuta python o ipython 
            según tus preferencias, escribe la línea anterior y pulsa Enter.
            El intérprete responderá mostrando en la consola el texto Hola Mundo.</para>
    </sect1>
    <sect1>
        <title>Tipos básicos</title>
        <para>En Python los tipos básicos se dividen en:<itemizedlist>
                <listitem>
                    <para>Números, como pueden ser 3 (entero), 15.57 (de coma flotante) o 7 + 5j
                        (complejos)</para>
                    <para>Cadenas de texto, como “Hola Mundo” </para>
                    <para>Valores booleanos: True (cierto) y False (falso)</para>
                </listitem>
            </itemizedlist> Vamos a crear un par de variables a modo de ejemplo. Una de tipo cadena
            y una de tipo entero: <blockquote># esto es una cadena</blockquote><blockquote> c =
                “Hola Mundo”</blockquote><blockquote> # y esto es un entero</blockquote><blockquote>
                e = 23</blockquote><blockquote># podemos comprobarlo con la función
                type</blockquote><blockquote> type(c)</blockquote><blockquote> type(e)</blockquote>
            Como veis en Python, a diferencia de muchos otros lenguajes, no se declara el tipo de la
            variable al crearla. En Java, por ejemplo, escribiríamos: <blockquote>String c = “Hola
                Mundo”; int e = 23;</blockquote> Este pequeño ejemplo también nos ha servido para
            presentar los comentarios inline en Python: cadenas de texto que comienzan con el
            carácter # y que Python ignora totalmente. Hay más tipos de comentarios, de los que
            hablaremos más adelante. 
        
        </para>
    </sect1>
    <sect1>
        <title>Booleanos</title>
        <para>Como decíamos al comienzo del capítulo una variable de tipo booleano sólo puede tener
            dos valores: True (cierto) y False (falso). Estos valores son especialmente importantes
            para las expresiones condicionales y los bucles, como veremos más adelante. En realidad
            el tipo bool (el tipo de los booleanos) es una subclase del tipo int. Puede que esto no
            tenga mucho sentido para tí si no conoces los términos de la orientación a objetos, que
            veremos más adelante, aunque tampoco es nada importante. Estos son los distintos tipos
            de operadores con los que podemos trabajar con valores booleanos, los llamados
            operadores lógicos o condicionales: <table frame="all">
                <title/>
                <tgroup cols="3">
                    <colspec colname="c1" colnum="1" colwidth="1.0*"/>
                    <colspec colname="c2" colnum="2" colwidth="1.0*"/>
                    <colspec colname="c3" colnum="3" colwidth="1.0*"/>
                    <thead>
                        <row>
                            <entry>Operador</entry>
                            <entry>Descripcion</entry>
                            <entry>Ejemplo</entry>
                            
                        </row>
                    </thead>
                    <tbody>
                        <row>
                            <entry>and</entry>
                            <entry>¿se cumple a y b?</entry>
                            <entry>r = True and False # r es 
                                False</entry>
                        </row>
                        <row/>
                        <row/>
                        <row>
                            <entry>or</entry>
                            <entry>¿se cumple a o b?</entry>
                            <entry>r = True or False  # r es 
                                True</entry>
                        </row>
                        <row>
                            <entry>not</entry>
                            <entry>No a</entry>
                            <entry>r = not True  # r es 
                                False</entry>
                        </row>
                    </tbody>
                </tgroup>
            </table></para>
    </sect1>
</article>
